"attr_code";"area_code";"value";"ts_start";"ts"
"Blochholz Buche Kl. B 3";"Österreich";"73.9";"2010-01-01";"1262304000000"
"Blochholz Kiefer Kl. B 2a +";"Österreich";"58.52";"2010-01-01";"1262304000000"
"Blochholz Fichte/Tanne Kl. B Media 2b";"Österreich";"75.36";"2010-01-01";"1262304000000"
"Blochholz Fichte/Tanne Kl. B 3a";"Österreich";"77.73";"2010-01-01";"1262304000000"
"Blochholz Kiefer Kl. B 2a +";"Österreich";"58.52";"2010-02-01";"1264982400000"
"Blochholz Fichte/Tanne Kl. B Media 2b";"Österreich";"75.34";"2010-02-01";"1264982400000"
"Blochholz Fichte/Tanne Kl. B 3a";"Österreich";"77.8";"2010-02-01";"1264982400000"
"Blochholz Buche Kl. B 3";"Österreich";"73.9";"2010-02-01";"1264982400000"
"Blochholz Fichte/Tanne Kl. B Media 2b";"Österreich";"76.25";"2010-03-01";"1267401600000"
"Blochholz Fichte/Tanne Kl. B 3a";"Österreich";"78.48";"2010-03-01";"1267401600000"
"Blochholz Buche Kl. B 3";"Österreich";"73.9";"2010-03-01";"1267401600000"
"Blochholz Kiefer Kl. B 2a +";"Österreich";"58.57";"2010-03-01";"1267401600000"
"Blochholz Fichte/Tanne Kl. B 3a";"Österreich";"81.46";"2010-04-01";"1270080000000"
"Blochholz Fichte/Tanne Kl. B Media 2b";"Österreich";"78.67";"2010-04-01";"1270080000000"
"Blochholz Kiefer Kl. B 2a +";"Österreich";"58.57";"2010-04-01";"1270080000000"
"Blochholz Buche Kl. B 3";"Österreich";"73.9";"2010-04-01";"1270080000000"
"Blochholz Kiefer Kl. B 2a +";"Österreich";"57.07";"2010-05-01";"1272672000000"
"Blochholz Fichte/Tanne Kl. B 3a";"Österreich";"83.96";"2010-05-01";"1272672000000"
"Blochholz Buche Kl. B 3";"Österreich";"73.9";"2010-05-01";"1272672000000"
"Blochholz Fichte/Tanne Kl. B Media 2b";"Österreich";"80.69";"2010-05-01";"1272672000000"
"Blochholz Buche Kl. B 3";"Österreich";"73.9";"2010-06-01";"1275350400000"
"Blochholz Kiefer Kl. B 2a +";"Österreich";"59.75";"2010-06-01";"1275350400000"
"Blochholz Fichte/Tanne Kl. B Media 2b";"Österreich";"83.23";"2010-06-01";"1275350400000"
"Blochholz Fichte/Tanne Kl. B 3a";"Österreich";"86.61";"2010-06-01";"1275350400000"
"Blochholz Fichte/Tanne Kl. B Media 2b";"Österreich";"87.88";"2010-07-01";"1277942400000"
"Blochholz Kiefer Kl. B 2a +";"Österreich";"61.96";"2010-07-01";"1277942400000"
"Blochholz Fichte/Tanne Kl. B 3a";"Österreich";"91.85";"2010-07-01";"1277942400000"
"Blochholz Buche Kl. B 3";"Österreich";"73.9";"2010-07-01";"1277942400000"
"Blochholz Buche Kl. B 3";"Österreich";"73.9";"2010-08-01";"1280620800000"
"Blochholz Kiefer Kl. B 2a +";"Österreich";"61.92";"2010-08-01";"1280620800000"
"Blochholz Fichte/Tanne Kl. B Media 2b";"Österreich";"88.98";"2010-08-01";"1280620800000"
"Blochholz Fichte/Tanne Kl. B 3a";"Österreich";"92.09";"2010-08-01";"1280620800000"
"Blochholz Buche Kl. B 3";"Österreich";"73.9";"2010-09-01";"1283299200000"
"Blochholz Kiefer Kl. B 2a +";"Österreich";"65.28";"2010-09-01";"1283299200000"
"Blochholz Fichte/Tanne Kl. B Media 2b";"Österreich";"89.38";"2010-09-01";"1283299200000"
"Blochholz Fichte/Tanne Kl. B 3a";"Österreich";"92.6";"2010-09-01";"1283299200000"
"Blochholz Fichte/Tanne Kl. B 3a";"Österreich";"92.44";"2010-10-01";"1285891200000"
"Blochholz Buche Kl. B 3";"Österreich";"74.82";"2010-10-01";"1285891200000"
"Blochholz Kiefer Kl. B 2a +";"Österreich";"66.39";"2010-10-01";"1285891200000"
"Blochholz Fichte/Tanne Kl. B Media 2b";"Österreich";"89.42";"2010-10-01";"1285891200000"
"Blochholz Kiefer Kl. B 2a +";"Österreich";"66.52";"2010-11-01";"1288569600000"
"Blochholz Fichte/Tanne Kl. B Media 2b";"Österreich";"89.64";"2010-11-01";"1288569600000"
"Blochholz Fichte/Tanne Kl. B 3a";"Österreich";"92.39";"2010-11-01";"1288569600000"
"Blochholz Buche Kl. B 3";"Österreich";"74.82";"2010-11-01";"1288569600000"
"Blochholz Buche Kl. B 3";"Österreich";"74.82";"2010-12-01";"1291161600000"
"Blochholz Fichte/Tanne Kl. B 3a";"Österreich";"92.4";"2010-12-01";"1291161600000"
"Blochholz Kiefer Kl. B 2a +";"Österreich";"66.52";"2010-12-01";"1291161600000"
"Blochholz Fichte/Tanne Kl. B Media 2b";"Österreich";"89.45";"2010-12-01";"1291161600000"
"Blochholz Buche Kl. B 3";"Österreich";"74.74";"2011-01-01";"1293840000000"
"Blochholz Fichte/Tanne Kl. B Media 2b";"Österreich";"90.39";"2011-01-01";"1293840000000"
"Blochholz Kiefer Kl. B 2a +";"Österreich";"68.01";"2011-01-01";"1293840000000"
"Blochholz Fichte/Tanne Kl. B 3a";"Österreich";"93.23";"2011-01-01";"1293840000000"
"Blochholz Kiefer Kl. B 2a +";"Österreich";"66.23";"2011-02-01";"1296518400000"
"Blochholz Buche Kl. B 3";"Österreich";"74.74";"2011-02-01";"1296518400000"
"Blochholz Fichte/Tanne Kl. B 3a";"Österreich";"93.4";"2011-02-01";"1296518400000"
"Blochholz Fichte/Tanne Kl. B Media 2b";"Österreich";"90.74";"2011-02-01";"1296518400000"
"Blochholz Buche Kl. B 3";"Österreich";"74.74";"2011-03-01";"1298937600000"
"Blochholz Fichte/Tanne Kl. B 3a";"Österreich";"94.42";"2011-03-01";"1298937600000"
"Blochholz Fichte/Tanne Kl. B Media 2b";"Österreich";"91.8";"2011-03-01";"1298937600000"
"Blochholz Kiefer Kl. B 2a +";"Österreich";"67.52";"2011-03-01";"1298937600000"
"Blochholz Fichte/Tanne Kl. B Media 2b";"Österreich";"92.78";"2011-04-01";"1301616000000"
"Blochholz Fichte/Tanne Kl. B 3a";"Österreich";"95.85";"2011-04-01";"1301616000000"
"Blochholz Kiefer Kl. B 2a +";"Österreich";"66.91";"2011-04-01";"1301616000000"
"Blochholz Buche Kl. B 3";"Österreich";"74.74";"2011-04-01";"1301616000000"
"Blochholz Buche Kl. B 3";"Österreich";"74.74";"2011-05-01";"1304208000000"
"Blochholz Kiefer Kl. B 2a +";"Österreich";"66.99";"2011-05-01";"1304208000000"
"Blochholz Fichte/Tanne Kl. B 3a";"Österreich";"95.42";"2011-05-01";"1304208000000"
"Blochholz Fichte/Tanne Kl. B Media 2b";"Österreich";"92.73";"2011-05-01";"1304208000000"
"Blochholz Buche Kl. B 3";"Österreich";"74.74";"2011-06-01";"1306886400000"
"Blochholz Fichte/Tanne Kl. B Media 2b";"Österreich";"93.1";"2011-06-01";"1306886400000"
"Blochholz Fichte/Tanne Kl. B 3a";"Österreich";"95.58";"2011-06-01";"1306886400000"
"Blochholz Kiefer Kl. B 2a +";"Österreich";"67.16";"2011-06-01";"1306886400000"
"Blochholz Kiefer Kl. B 2a +";"Österreich";"69.69";"2011-07-01";"1309478400000"
"Blochholz Buche Kl. B 3";"Österreich";"74.74";"2011-07-01";"1309478400000"
"Blochholz Fichte/Tanne Kl. B Media 2b";"Österreich";"93.99";"2011-07-01";"1309478400000"
"Blochholz Fichte/Tanne Kl. B 3a";"Österreich";"96.48";"2011-07-01";"1309478400000"
"Blochholz Kiefer Kl. B 2a +";"Österreich";"69.73";"2011-08-01";"1312156800000"
"Blochholz Fichte/Tanne Kl. B 3a";"Österreich";"96.37";"2011-08-01";"1312156800000"
"Blochholz Buche Kl. B 3";"Österreich";"74.74";"2011-08-01";"1312156800000"
"Blochholz Fichte/Tanne Kl. B Media 2b";"Österreich";"93.98";"2011-08-01";"1312156800000"
"Blochholz Fichte/Tanne Kl. B 3a";"Österreich";"97.08";"2011-09-01";"1314835200000"
"Blochholz Kiefer Kl. B 2a +";"Österreich";"70.5";"2011-09-01";"1314835200000"
"Blochholz Fichte/Tanne Kl. B Media 2b";"Österreich";"94.78";"2011-09-01";"1314835200000"
"Blochholz Buche Kl. B 3";"Österreich";"74.74";"2011-09-01";"1314835200000"
"Blochholz Kiefer Kl. B 2a +";"Österreich";"70.87";"2011-10-01";"1317427200000"
"Blochholz Buche Kl. B 3";"Österreich";"74.74";"2011-10-01";"1317427200000"
"Blochholz Fichte/Tanne Kl. B 3a";"Österreich";"98.67";"2011-10-01";"1317427200000"
"Blochholz Fichte/Tanne Kl. B Media 2b";"Österreich";"96.19";"2011-10-01";"1317427200000"
"Blochholz Kiefer Kl. B 2a +";"Österreich";"71.04";"2011-11-01";"1320105600000"
"Blochholz Buche Kl. B 3";"Österreich";"74.74";"2011-11-01";"1320105600000"
"Blochholz Fichte/Tanne Kl. B 3a";"Österreich";"98.86";"2011-11-01";"1320105600000"
"Blochholz Fichte/Tanne Kl. B Media 2b";"Österreich";"96.75";"2011-11-01";"1320105600000"
"Blochholz Fichte/Tanne Kl. B 3a";"Österreich";"98.33";"2011-12-01";"1322697600000"
"Blochholz Buche Kl. B 3";"Österreich";"74.74";"2011-12-01";"1322697600000"
"Blochholz Fichte/Tanne Kl. B Media 2b";"Österreich";"96.59";"2011-12-01";"1322697600000"
"Blochholz Kiefer Kl. B 2a +";"Österreich";"71.01";"2011-12-01";"1322697600000"
"Blochholz Fichte/Tanne Kl. B Media 2b";"Österreich";"94.45";"2012-01-01";"1325376000000"
"Blochholz Fichte/Tanne Kl. B 3a";"Österreich";"96.23";"2012-01-01";"1325376000000"
"Blochholz Kiefer Kl. B 2a +";"Österreich";"71.98";"2012-01-01";"1325376000000"
"Blochholz Buche Kl. B 3";"Österreich";"76.54";"2012-01-01";"1325376000000"
"Blochholz Fichte/Tanne Kl. B Media 2b";"Österreich";"94.31";"2012-02-01";"1328054400000"
"Blochholz Kiefer Kl. B 2a +";"Österreich";"72.28";"2012-02-01";"1328054400000"
"Blochholz Buche Kl. B 3";"Österreich";"76.54";"2012-02-01";"1328054400000"
"Blochholz Fichte/Tanne Kl. B 3a";"Österreich";"95.8";"2012-02-01";"1328054400000"
"Blochholz Fichte/Tanne Kl. B 3a";"Österreich";"96.16";"2012-03-01";"1330560000000"
"Blochholz Fichte/Tanne Kl. B Media 2b";"Österreich";"94.16";"2012-03-01";"1330560000000"
"Blochholz Buche Kl. B 3";"Österreich";"76.22";"2012-03-01";"1330560000000"
"Blochholz Kiefer Kl. B 2a +";"Österreich";"72.2";"2012-03-01";"1330560000000"
"Blochholz Buche Kl. B 3";"Österreich";"76.22";"2012-04-01";"1333238400000"
"Blochholz Fichte/Tanne Kl. B 3a";"Österreich";"96.81";"2012-04-01";"1333238400000"
"Blochholz Fichte/Tanne Kl. B Media 2b";"Österreich";"94.69";"2012-04-01";"1333238400000"
"Blochholz Kiefer Kl. B 2a +";"Österreich";"72.33";"2012-04-01";"1333238400000"
"Blochholz Fichte/Tanne Kl. B 3a";"Österreich";"97.13";"2012-05-01";"1335830400000"
"Blochholz Fichte/Tanne Kl. B Media 2b";"Österreich";"95.23";"2012-05-01";"1335830400000"
"Blochholz Kiefer Kl. B 2a +";"Österreich";"72.43";"2012-05-01";"1335830400000"
"Blochholz Buche Kl. B 3";"Österreich";"76.69";"2012-05-01";"1335830400000"
"Blochholz Fichte/Tanne Kl. B Media 2b";"Österreich";"95.16";"2012-06-01";"1338508800000"
"Blochholz Buche Kl. B 3";"Österreich";"76.69";"2012-06-01";"1338508800000"
"Blochholz Kiefer Kl. B 2a +";"Österreich";"72.27";"2012-06-01";"1338508800000"
"Blochholz Fichte/Tanne Kl. B 3a";"Österreich";"96.71";"2012-06-01";"1338508800000"
"Blochholz Fichte/Tanne Kl. B 3a";"Österreich";"97.18";"2012-07-01";"1341100800000"
"Blochholz Fichte/Tanne Kl. B Media 2b";"Österreich";"95.63";"2012-07-01";"1341100800000"
"Blochholz Kiefer Kl. B 2a +";"Österreich";"72.49";"2012-07-01";"1341100800000"
"Blochholz Buche Kl. B 3";"Österreich";"76.69";"2012-07-01";"1341100800000"
"Blochholz Kiefer Kl. B 2a +";"Österreich";"72.67";"2012-08-01";"1343779200000"
"Blochholz Buche Kl. B 3";"Österreich";"76.69";"2012-08-01";"1343779200000"
"Blochholz Fichte/Tanne Kl. B 3a";"Österreich";"97.48";"2012-08-01";"1343779200000"
"Blochholz Fichte/Tanne Kl. B Media 2b";"Österreich";"96.09";"2012-08-01";"1343779200000"
"Blochholz Fichte/Tanne Kl. B 3a";"Österreich";"97.49";"2012-09-01";"1346457600000"
"Blochholz Kiefer Kl. B 2a +";"Österreich";"72.83";"2012-09-01";"1346457600000"
"Blochholz Fichte/Tanne Kl. B Media 2b";"Österreich";"96.25";"2012-09-01";"1346457600000"
"Blochholz Buche Kl. B 3";"Österreich";"76.69";"2012-09-01";"1346457600000"
"Blochholz Kiefer Kl. B 2a +";"Österreich";"72.83";"2012-10-01";"1349049600000"
"Blochholz Fichte/Tanne Kl. B 3a";"Österreich";"97.49";"2012-10-01";"1349049600000"
"Blochholz Fichte/Tanne Kl. B Media 2b";"Österreich";"96.25";"2012-10-01";"1349049600000"
"Blochholz Buche Kl. B 3";"Österreich";"76.69";"2012-10-01";"1349049600000"
"Blochholz Fichte/Tanne Kl. B 3a";"Österreich";"98.59";"2012-11-01";"1351728000000"
"Blochholz Buche Kl. B 3";"Österreich";"77.9";"2012-11-01";"1351728000000"
"Blochholz Fichte/Tanne Kl. B Media 2b";"Österreich";"97.81";"2012-11-01";"1351728000000"
"Blochholz Kiefer Kl. B 2a +";"Österreich";"73.59";"2012-11-01";"1351728000000"
"Blochholz Buche Kl. B 3";"Österreich";"76.58";"2012-12-01";"1354320000000"
"Blochholz Fichte/Tanne Kl. B 3a";"Österreich";"98.94";"2012-12-01";"1354320000000"
"Blochholz Fichte/Tanne Kl. B Media 2b";"Österreich";"97.2";"2012-12-01";"1354320000000"
"Blochholz Kiefer Kl. B 2a +";"Österreich";"75.62";"2012-12-01";"1354320000000"
"Blochholz Buche Kl. B 3";"Österreich";"76.94";"2013-01-01";"1356998400000"
"Blochholz Kiefer Kl. B 2a +";"Österreich";"74.65";"2013-01-01";"1356998400000"
"Blochholz Fichte/Tanne Kl. B Media 2b";"Österreich";"97.75";"2013-01-01";"1356998400000"
"Blochholz Fichte/Tanne Kl. B 3a";"Österreich";"98.7";"2013-01-01";"1356998400000"
"Blochholz Fichte/Tanne Kl. B 3a";"Österreich";"98.98";"2013-02-01";"1359676800000"
"Blochholz Buche Kl. B 3";"Österreich";"76.94";"2013-02-01";"1359676800000"
"Blochholz Fichte/Tanne Kl. B Media 2b";"Österreich";"97.63";"2013-02-01";"1359676800000"
"Blochholz Kiefer Kl. B 2a +";"Österreich";"74.58";"2013-02-01";"1359676800000"
"Blochholz Kiefer Kl. B 2a +";"Österreich";"74.71";"2013-03-01";"1362096000000"
"Blochholz Buche Kl. B 3";"Österreich";"76.94";"2013-03-01";"1362096000000"
"Blochholz Fichte/Tanne Kl. B 3a";"Österreich";"99.16";"2013-03-01";"1362096000000"
"Blochholz Fichte/Tanne Kl. B Media 2b";"Österreich";"97.52";"2013-03-01";"1362096000000"
"Blochholz Fichte/Tanne Kl. B 3a";"Österreich";"99.98";"2013-04-01";"1364774400000"
"Blochholz Kiefer Kl. B 2a +";"Österreich";"74.71";"2013-04-01";"1364774400000"
"Blochholz Fichte/Tanne Kl. B Media 2b";"Österreich";"98.22";"2013-04-01";"1364774400000"
"Blochholz Buche Kl. B 3";"Österreich";"76.94";"2013-04-01";"1364774400000"
"Blochholz Kiefer Kl. B 2a +";"Österreich";"74.63";"2013-05-01";"1367366400000"
"Blochholz Fichte/Tanne Kl. B 3a";"Österreich";"100.55";"2013-05-01";"1367366400000"
"Blochholz Buche Kl. B 3";"Österreich";"74.76";"2013-05-01";"1367366400000"
"Blochholz Fichte/Tanne Kl. B Media 2b";"Österreich";"98.63";"2013-05-01";"1367366400000"
"Blochholz Buche Kl. B 3";"Österreich";"74.76";"2013-06-01";"1370044800000"
"Blochholz Fichte/Tanne Kl. B Media 2b";"Österreich";"98.66";"2013-06-01";"1370044800000"
"Blochholz Kiefer Kl. B 2a +";"Österreich";"74.61";"2013-06-01";"1370044800000"
"Blochholz Fichte/Tanne Kl. B 3a";"Österreich";"100.82";"2013-06-01";"1370044800000"
"Blochholz Fichte/Tanne Kl. B 3a";"Österreich";"101.15";"2013-07-01";"1372636800000"
"Blochholz Kiefer Kl. B 2a +";"Österreich";"75.08";"2013-07-01";"1372636800000"
"Blochholz Fichte/Tanne Kl. B Media 2b";"Österreich";"99.44";"2013-07-01";"1372636800000"
"Blochholz Buche Kl. B 3";"Österreich";"74.76";"2013-07-01";"1372636800000"
"Blochholz Buche Kl. B 3";"Österreich";"76.44";"2013-08-01";"1375315200000"
"Blochholz Kiefer Kl. B 2a +";"Österreich";"75.27";"2013-08-01";"1375315200000"
"Blochholz Fichte/Tanne Kl. B Media 2b";"Österreich";"99.47";"2013-08-01";"1375315200000"
"Blochholz Fichte/Tanne Kl. B 3a";"Österreich";"100.92";"2013-08-01";"1375315200000"
"Blochholz Fichte/Tanne Kl. B Media 2b";"Österreich";"100.05";"2013-09-01";"1377993600000"
"Blochholz Buche Kl. B 3";"Österreich";"76.44";"2013-09-01";"1377993600000"
"Blochholz Kiefer Kl. B 2a +";"Österreich";"76.11";"2013-09-01";"1377993600000"
"Blochholz Fichte/Tanne Kl. B 3a";"Österreich";"101.21";"2013-09-01";"1377993600000"
"Blochholz Fichte/Tanne Kl. B 3a";"Österreich";"101.76";"2013-10-01";"1380585600000"
"Blochholz Fichte/Tanne Kl. B Media 2b";"Österreich";"99.85";"2013-10-01";"1380585600000"
"Blochholz Buche Kl. B 3";"Österreich";"72.6";"2013-10-01";"1380585600000"
"Blochholz Kiefer Kl. B 2a +";"Österreich";"76.57";"2013-10-01";"1380585600000"
"Blochholz Fichte/Tanne Kl. B 3a";"Österreich";"101.89";"2013-11-01";"1383264000000"
"Blochholz Buche Kl. B 3";"Österreich";"73.52";"2013-11-01";"1383264000000"
"Blochholz Fichte/Tanne Kl. B Media 2b";"Österreich";"100.58";"2013-11-01";"1383264000000"
"Blochholz Kiefer Kl. B 2a +";"Österreich";"76.57";"2013-11-01";"1383264000000"
"Blochholz Fichte/Tanne Kl. B 3a";"Österreich";"102.6";"2013-12-01";"1385856000000"
"Blochholz Buche Kl. B 3";"Österreich";"76.1";"2013-12-01";"1385856000000"
"Blochholz Fichte/Tanne Kl. B Media 2b";"Österreich";"101.01";"2013-12-01";"1385856000000"
"Blochholz Kiefer Kl. B 2a +";"Österreich";"77.15";"2013-12-01";"1385856000000"
"Blochholz Buche Kl. B 3";"Österreich";"76.62";"2014-01-01";"1388534400000"
"Blochholz Kiefer Kl. B 2a +";"Österreich";"77.71";"2014-01-01";"1388534400000"
"Blochholz Fichte/Tanne Kl. B Media 2b";"Österreich";"101.11";"2014-01-01";"1388534400000"
"Blochholz Fichte/Tanne Kl. B 3a";"Österreich";"103.13";"2014-01-01";"1388534400000"
"Blochholz Fichte/Tanne Kl. B Media 2b";"Österreich";"101.23";"2014-02-01";"1391212800000"
"Blochholz Kiefer Kl. B 2a +";"Österreich";"77.7";"2014-02-01";"1391212800000"
"Blochholz Fichte/Tanne Kl. B 3a";"Österreich";"103.15";"2014-02-01";"1391212800000"
"Blochholz Buche Kl. B 3";"Österreich";"76.62";"2014-02-01";"1391212800000"
"Blochholz Buche Kl. B 3";"Österreich";"76.62";"2014-03-01";"1393632000000"
"Blochholz Fichte/Tanne Kl. B 3a";"Österreich";"102.41";"2014-03-01";"1393632000000"
"Blochholz Fichte/Tanne Kl. B Media 2b";"Österreich";"100.83";"2014-03-01";"1393632000000"
"Blochholz Kiefer Kl. B 2a +";"Österreich";"77.33";"2014-03-01";"1393632000000"
"Blochholz Buche Kl. B 3";"Österreich";"76.86";"2014-04-01";"1396310400000"
"Blochholz Fichte/Tanne Kl. B Media 2b";"Österreich";"98.87";"2014-04-01";"1396310400000"
"Blochholz Kiefer Kl. B 2a +";"Österreich";"74.88";"2014-04-01";"1396310400000"
"Blochholz Fichte/Tanne Kl. B 3a";"Österreich";"99.98";"2014-04-01";"1396310400000"
"Blochholz Kiefer Kl. B 2a +";"Österreich";"74.02";"2014-05-01";"1398902400000"
"Blochholz Fichte/Tanne Kl. B Media 2b";"Österreich";"98.6";"2014-05-01";"1398902400000"
"Blochholz Buche Kl. B 3";"Österreich";"82.99";"2014-05-01";"1398902400000"
"Blochholz Fichte/Tanne Kl. B 3a";"Österreich";"99.14";"2014-05-01";"1398902400000"
"Blochholz Fichte/Tanne Kl. B Media 2b";"Österreich";"96.97";"2014-06-01";"1401580800000"
"Blochholz Fichte/Tanne Kl. B 3a";"Österreich";"98.69";"2014-06-01";"1401580800000"
"Blochholz Kiefer Kl. B 2a +";"Österreich";"73.74";"2014-06-01";"1401580800000"
"Blochholz Buche Kl. B 3";"Österreich";"82.99";"2014-06-01";"1401580800000"
"Blochholz Kiefer Kl. B 2a +";"Österreich";"72.71";"2014-07-01";"1404172800000"
"Blochholz Fichte/Tanne Kl. B 3a";"Österreich";"98.28";"2014-07-01";"1404172800000"
"Blochholz Buche Kl. B 3";"Österreich";"82.99";"2014-07-01";"1404172800000"
"Blochholz Fichte/Tanne Kl. B Media 2b";"Österreich";"95.7";"2014-07-01";"1404172800000"
"Blochholz Kiefer Kl. B 2a +";"Österreich";"72.69";"2014-08-01";"1406851200000"
"Blochholz Buche Kl. B 3";"Österreich";"82.99";"2014-08-01";"1406851200000"
"Blochholz Fichte/Tanne Kl. B Media 2b";"Österreich";"95.86";"2014-08-01";"1406851200000"
"Blochholz Fichte/Tanne Kl. B 3a";"Österreich";"98.62";"2014-08-01";"1406851200000"
"Blochholz Fichte/Tanne Kl. B Media 2b";"Österreich";"95.97";"2014-09-01";"1409529600000"
"Blochholz Fichte/Tanne Kl. B 3a";"Österreich";"98.88";"2014-09-01";"1409529600000"
"Blochholz Buche Kl. B 3";"Österreich";"82.99";"2014-09-01";"1409529600000"
"Blochholz Kiefer Kl. B 2a +";"Österreich";"72.98";"2014-09-01";"1409529600000"
"Blochholz Buche Kl. B 3";"Österreich";"82.99";"2014-10-01";"1412121600000"
"Blochholz Kiefer Kl. B 2a +";"Österreich";"73.06";"2014-10-01";"1412121600000"
"Blochholz Fichte/Tanne Kl. B Media 2b";"Österreich";"96.64";"2014-10-01";"1412121600000"
"Blochholz Fichte/Tanne Kl. B 3a";"Österreich";"99.64";"2014-10-01";"1412121600000"
"Blochholz Buche Kl. B 3";"Österreich";"82.99";"2014-11-01";"1414800000000"
"Blochholz Fichte/Tanne Kl. B Media 2b";"Österreich";"97.3";"2014-11-01";"1414800000000"
"Blochholz Fichte/Tanne Kl. B 3a";"Österreich";"100.47";"2014-11-01";"1414800000000"
"Blochholz Kiefer Kl. B 2a +";"Österreich";"73.14";"2014-11-01";"1414800000000"
"Blochholz Fichte/Tanne Kl. B 3a";"Österreich";"100.41";"2014-12-01";"1417392000000"
"Blochholz Kiefer Kl. B 2a +";"Österreich";"72.92";"2014-12-01";"1417392000000"
"Blochholz Buche Kl. B 3";"Österreich";"82.99";"2014-12-01";"1417392000000"
"Blochholz Fichte/Tanne Kl. B Media 2b";"Österreich";"96.77";"2014-12-01";"1417392000000"
"Blochholz Fichte/Tanne Kl. B Media 2b";"Österreich";"97.14";"2015-01-01";"1420070400000"
"Blochholz Buche Kl. B 3";"Österreich";"76.37";"2015-01-01";"1420070400000"
"Blochholz Fichte/Tanne Kl. B 3a";"Österreich";"99.33";"2015-01-01";"1420070400000"
"Blochholz Kiefer Kl. B 2a +";"Österreich";"73.36";"2015-01-01";"1420070400000"
"Blochholz Fichte/Tanne Kl. B 3a";"Österreich";"99.27";"2015-02-01";"1422748800000"
"Blochholz Fichte/Tanne Kl. B Media 2b";"Österreich";"97.03";"2015-02-01";"1422748800000"
"Blochholz Kiefer Kl. B 2a +";"Österreich";"73.17";"2015-02-01";"1422748800000"
"Blochholz Buche Kl. B 3";"Österreich";"76.37";"2015-02-01";"1422748800000"
"Blochholz Buche Kl. B 3";"Österreich";"76.37";"2015-03-01";"1425168000000"
"Blochholz Fichte/Tanne Kl. B 3a";"Österreich";"99.15";"2015-03-01";"1425168000000"
"Blochholz Kiefer Kl. B 2a +";"Österreich";"73.29";"2015-03-01";"1425168000000"
"Blochholz Fichte/Tanne Kl. B Media 2b";"Österreich";"97.01";"2015-03-01";"1425168000000"
"Blochholz Buche Kl. B 3";"Österreich";"76.37";"2015-04-01";"1427846400000"
"Blochholz Fichte/Tanne Kl. B Media 2b";"Österreich";"94.24";"2015-04-01";"1427846400000"
"Blochholz Fichte/Tanne Kl. B 3a";"Österreich";"93.76";"2015-04-01";"1427846400000"
"Blochholz Kiefer Kl. B 2a +";"Österreich";"71.54";"2015-04-01";"1427846400000"
"Blochholz Fichte/Tanne Kl. B Media 2b";"Österreich";"92.52";"2015-05-01";"1430438400000"
"Blochholz Fichte/Tanne Kl. B 3a";"Österreich";"91.5";"2015-05-01";"1430438400000"
"Blochholz Buche Kl. B 3";"Österreich";"82.91";"2015-05-01";"1430438400000"
"Blochholz Kiefer Kl. B 2a +";"Österreich";"69.85";"2015-05-01";"1430438400000"
"Blochholz Fichte/Tanne Kl. B Media 2b";"Österreich";"90.3";"2015-06-01";"1433116800000"
"Blochholz Buche Kl. B 3";"Österreich";"82.91";"2015-06-01";"1433116800000"
"Blochholz Fichte/Tanne Kl. B 3a";"Österreich";"90.64";"2015-06-01";"1433116800000"
"Blochholz Kiefer Kl. B 2a +";"Österreich";"69.63";"2015-06-01";"1433116800000"
"Blochholz Fichte/Tanne Kl. B 3a";"Österreich";"90.85";"2015-07-01";"1435708800000"
"Blochholz Kiefer Kl. B 2a +";"Österreich";"69.7";"2015-07-01";"1435708800000"
"Blochholz Fichte/Tanne Kl. B Media 2b";"Österreich";"90.94";"2015-07-01";"1435708800000"
"Blochholz Buche Kl. B 3";"Österreich";"82.91";"2015-07-01";"1435708800000"
"Blochholz Buche Kl. B 3";"Österreich";"82.91";"2015-08-01";"1438387200000"
"Blochholz Kiefer Kl. B 2a +";"Österreich";"69.63";"2015-08-01";"1438387200000"
"Blochholz Fichte/Tanne Kl. B 3a";"Österreich";"90.56";"2015-08-01";"1438387200000"
"Blochholz Fichte/Tanne Kl. B Media 2b";"Österreich";"90.72";"2015-08-01";"1438387200000"
"Blochholz Fichte/Tanne Kl. B Media 2b";"Österreich";"90.5";"2015-09-01";"1441065600000"
"Blochholz Fichte/Tanne Kl. B 3a";"Österreich";"90.08";"2015-09-01";"1441065600000"
"Blochholz Buche Kl. B 3";"Österreich";"82.91";"2015-09-01";"1441065600000"
"Blochholz Kiefer Kl. B 2a +";"Österreich";"69.41";"2015-09-01";"1441065600000"
"Blochholz Fichte/Tanne Kl. B Media 2b";"Österreich";"88.87";"2015-10-01";"1443657600000"
"Blochholz Kiefer Kl. B 2a +";"Österreich";"68.97";"2015-10-01";"1443657600000"
"Blochholz Fichte/Tanne Kl. B 3a";"Österreich";"87.73";"2015-10-01";"1443657600000"
"Blochholz Buche Kl. B 3";"Österreich";"76.37";"2015-10-01";"1443657600000"
"Blochholz Fichte/Tanne Kl. B 3a";"Österreich";"88.29";"2015-11-01";"1446336000000"
"Blochholz Kiefer Kl. B 2a +";"Österreich";"66.59";"2015-11-01";"1446336000000"
"Blochholz Fichte/Tanne Kl. B Media 2b";"Österreich";"89.08";"2015-11-01";"1446336000000"
"Blochholz Buche Kl. B 3";"Österreich";"76.37";"2015-11-01";"1446336000000"
"Blochholz Buche Kl. B 3";"Österreich";"76.37";"2015-12-01";"1448928000000"
"Blochholz Fichte/Tanne Kl. B 3a";"Österreich";"88.37";"2015-12-01";"1448928000000"
"Blochholz Kiefer Kl. B 2a +";"Österreich";"67.28";"2015-12-01";"1448928000000"
"Blochholz Fichte/Tanne Kl. B Media 2b";"Österreich";"87.98";"2015-12-01";"1448928000000"
"Blochholz Kiefer Kl. B 2a +";"Österreich";"67.88";"2016-01-01";"1451606400000"
"Blochholz Fichte/Tanne Kl. B Media 2b";"Österreich";"88.87";"2016-01-01";"1451606400000"
"Blochholz Buche Kl. B 3";"Österreich";"76.47";"2016-01-01";"1451606400000"
"Blochholz Fichte/Tanne Kl. B 3a";"Österreich";"88.71";"2016-01-01";"1451606400000"
"Blochholz Fichte/Tanne Kl. B Media 2b";"Österreich";"88.96";"2016-02-01";"1454284800000"
"Blochholz Kiefer Kl. B 2a +";"Österreich";"67.55";"2016-02-01";"1454284800000"
"Blochholz Fichte/Tanne Kl. B 3a";"Österreich";"88.99";"2016-02-01";"1454284800000"
"Blochholz Buche Kl. B 3";"Österreich";"76.47";"2016-02-01";"1454284800000"
"Blochholz Buche Kl. B 3";"Österreich";"76.47";"2016-03-01";"1456790400000"
"Blochholz Fichte/Tanne Kl. B Media 2b";"Österreich";"88.84";"2016-03-01";"1456790400000"
"Blochholz Kiefer Kl. B 2a +";"Österreich";"67.48";"2016-03-01";"1456790400000"
"Blochholz Fichte/Tanne Kl. B 3a";"Österreich";"88.94";"2016-03-01";"1456790400000"
"Blochholz Kiefer Kl. B 2a +";"Österreich";"68.41";"2016-04-01";"1459468800000"
"Blochholz Fichte/Tanne Kl. B Media 2b";"Österreich";"89.07";"2016-04-01";"1459468800000"
"Blochholz Fichte/Tanne Kl. B 3a";"Österreich";"89.12";"2016-04-01";"1459468800000"
"Blochholz Buche Kl. B 3";"Österreich";"76.47";"2016-04-01";"1459468800000"
"Blochholz Kiefer Kl. B 2a +";"Österreich";"67.34";"2016-05-01";"1462060800000"
"Blochholz Buche Kl. B 3";"Österreich";"76.47";"2016-05-01";"1462060800000"
"Blochholz Fichte/Tanne Kl. B Media 2b";"Österreich";"88.26";"2016-05-01";"1462060800000"
"Blochholz Fichte/Tanne Kl. B 3a";"Österreich";"88.81";"2016-05-01";"1462060800000"
"Blochholz Buche Kl. B 3";"Österreich";"76.47";"2016-06-01";"1464739200000"
"Blochholz Kiefer Kl. B 2a +";"Österreich";"67.71";"2016-06-01";"1464739200000"
"Blochholz Fichte/Tanne Kl. B Media 2b";"Österreich";"89.07";"2016-06-01";"1464739200000"
"Blochholz Fichte/Tanne Kl. B 3a";"Österreich";"90.13";"2016-06-01";"1464739200000"
"Blochholz Fichte/Tanne Kl. B 3a";"Österreich";"90.23";"2016-07-01";"1467331200000"
"Blochholz Buche Kl. B 3";"Österreich";"76.47";"2016-07-01";"1467331200000"
"Blochholz Kiefer Kl. B 2a +";"Österreich";"67.05";"2016-07-01";"1467331200000"
"Blochholz Fichte/Tanne Kl. B Media 2b";"Österreich";"90.6";"2016-07-01";"1467331200000"
"Blochholz Buche Kl. B 3";"Österreich";"76.47";"2016-08-01";"1470009600000"
"Blochholz Fichte/Tanne Kl. B Media 2b";"Österreich";"90.9";"2016-08-01";"1470009600000"
"Blochholz Fichte/Tanne Kl. B 3a";"Österreich";"90.96";"2016-08-01";"1470009600000"
"Blochholz Kiefer Kl. B 2a +";"Österreich";"67.05";"2016-08-01";"1470009600000"
"Blochholz Buche Kl. B 3";"Österreich";"76.47";"2016-09-01";"1472688000000"
"Blochholz Fichte/Tanne Kl. B 3a";"Österreich";"91.68";"2016-09-01";"1472688000000"
"Blochholz Fichte/Tanne Kl. B Media 2b";"Österreich";"91.45";"2016-09-01";"1472688000000"
"Blochholz Kiefer Kl. B 2a +";"Österreich";"67.12";"2016-09-01";"1472688000000"
"Blochholz Kiefer Kl. B 2a +";"Österreich";"67.12";"2016-10-01";"1475280000000"
"Blochholz Buche Kl. B 3";"Österreich";"76.47";"2016-10-01";"1475280000000"
"Blochholz Fichte/Tanne Kl. B Media 2b";"Österreich";"91.59";"2016-10-01";"1475280000000"
"Blochholz Fichte/Tanne Kl. B 3a";"Österreich";"91.94";"2016-10-01";"1475280000000"
"Blochholz Fichte/Tanne Kl. B Media 2b";"Österreich";"90.93";"2016-11-01";"1477958400000"
"Blochholz Kiefer Kl. B 2a +";"Österreich";"66.6";"2016-11-01";"1477958400000"
"Blochholz Fichte/Tanne Kl. B 3a";"Österreich";"91.6";"2016-11-01";"1477958400000"
"Blochholz Buche Kl. B 3";"Österreich";"76.47";"2016-11-01";"1477958400000"
"Blochholz Fichte/Tanne Kl. B 3a";"Österreich";"91.45";"2016-12-01";"1480550400000"
"Blochholz Kiefer Kl. B 2a +";"Österreich";"66.6";"2016-12-01";"1480550400000"
"Blochholz Fichte/Tanne Kl. B Media 2b";"Österreich";"90.85";"2016-12-01";"1480550400000"
"Blochholz Buche Kl. B 3";"Österreich";"76.47";"2016-12-01";"1480550400000"
"Blochholz Fichte/Tanne Kl. B Media 2b";"Österreich";"91.19";"2017-01-01";"1483228800000"
"Blochholz Buche Kl. B 3";"Österreich";"76.44";"2017-01-01";"1483228800000"
"Blochholz Kiefer Kl. B 2a +";"Österreich";"66.74";"2017-01-01";"1483228800000"
"Blochholz Fichte/Tanne Kl. B 3a";"Österreich";"91.6";"2017-01-01";"1483228800000"
"Blochholz Fichte/Tanne Kl. B 3a";"Österreich";"91.85";"2017-02-01";"1485907200000"
"Blochholz Fichte/Tanne Kl. B Media 2b";"Österreich";"91.02";"2017-02-01";"1485907200000"
"Blochholz Buche Kl. B 3";"Österreich";"76.44";"2017-02-01";"1485907200000"
"Blochholz Kiefer Kl. B 2a +";"Österreich";"67.74";"2017-02-01";"1485907200000"
"Blochholz Fichte/Tanne Kl. B 3a";"Österreich";"91.9";"2017-03-01";"1488326400000"
"Blochholz Kiefer Kl. B 2a +";"Österreich";"67.67";"2017-03-01";"1488326400000"
"Blochholz Buche Kl. B 3";"Österreich";"76.44";"2017-03-01";"1488326400000"
"Blochholz Fichte/Tanne Kl. B Media 2b";"Österreich";"91.59";"2017-03-01";"1488326400000"
"Blochholz Fichte/Tanne Kl. B Media 2b";"Österreich";"92.27";"2017-04-01";"1491004800000"
"Blochholz Kiefer Kl. B 2a +";"Österreich";"67.6";"2017-04-01";"1491004800000"
"Blochholz Fichte/Tanne Kl. B 3a";"Österreich";"93.03";"2017-04-01";"1491004800000"
"Blochholz Buche Kl. B 3";"Österreich";"76.44";"2017-04-01";"1491004800000"
"Blochholz Fichte/Tanne Kl. B 3a";"Österreich";"93.61";"2017-05-01";"1493596800000"
"Blochholz Fichte/Tanne Kl. B Media 2b";"Österreich";"92.97";"2017-05-01";"1493596800000"
"Blochholz Kiefer Kl. B 2a +";"Österreich";"67.74";"2017-05-01";"1493596800000"
"Blochholz Buche Kl. B 3";"Österreich";"76.44";"2017-05-01";"1493596800000"
"Blochholz Kiefer Kl. B 2a +";"Österreich";"67.88";"2017-06-01";"1496275200000"
"Blochholz Fichte/Tanne Kl. B Media 2b";"Österreich";"93.18";"2017-06-01";"1496275200000"
"Blochholz Buche Kl. B 3";"Österreich";"76.44";"2017-06-01";"1496275200000"
"Blochholz Fichte/Tanne Kl. B 3a";"Österreich";"93.79";"2017-06-01";"1496275200000"
"Blochholz Kiefer Kl. B 2a +";"Österreich";"67.88";"2017-07-01";"1498867200000"
"Blochholz Fichte/Tanne Kl. B Media 2b";"Österreich";"93.49";"2017-07-01";"1498867200000"
"Blochholz Buche Kl. B 3";"Österreich";"76.44";"2017-07-01";"1498867200000"
"Blochholz Fichte/Tanne Kl. B 3a";"Österreich";"94.41";"2017-07-01";"1498867200000"
"Blochholz Fichte/Tanne Kl. B Media 2b";"Österreich";"92.69";"2017-08-01";"1501545600000"
"Blochholz Kiefer Kl. B 2a +";"Österreich";"67.81";"2017-08-01";"1501545600000"
"Blochholz Fichte/Tanne Kl. B 3a";"Österreich";"92.91";"2017-08-01";"1501545600000"
"Blochholz Buche Kl. B 3";"Österreich";"76.44";"2017-08-01";"1501545600000"
"Blochholz Fichte/Tanne Kl. B 3a";"Österreich";"88.23";"2017-09-01";"1504224000000"
"Blochholz Fichte/Tanne Kl. B Media 2b";"Österreich";"88.57";"2017-09-01";"1504224000000"
"Blochholz Buche Kl. B 3";"Österreich";"76.44";"2017-09-01";"1504224000000"
"Blochholz Kiefer Kl. B 2a +";"Österreich";"66.54";"2017-09-01";"1504224000000"
"Blochholz Buche Kl. B 3";"Österreich";"78.94";"2017-10-01";"1506816000000"
"Blochholz Kiefer Kl. B 2a +";"Österreich";"65.82";"2017-10-01";"1506816000000"
"Blochholz Fichte/Tanne Kl. B Media 2b";"Österreich";"85.98";"2017-10-01";"1506816000000"
"Blochholz Fichte/Tanne Kl. B 3a";"Österreich";"86.66";"2017-10-01";"1506816000000"
"Blochholz Fichte/Tanne Kl. B Media 2b";"Österreich";"86.76";"2017-11-01";"1509494400000"
"Blochholz Buche Kl. B 3";"Österreich";"79.19";"2017-11-01";"1509494400000"
"Blochholz Fichte/Tanne Kl. B 3a";"Österreich";"86.35";"2017-11-01";"1509494400000"
"Blochholz Kiefer Kl. B 2a +";"Österreich";"66.45";"2017-11-01";"1509494400000"
"Blochholz Fichte/Tanne Kl. B 3a";"Österreich";"88.39";"2017-12-01";"1512086400000"
"Blochholz Fichte/Tanne Kl. B Media 2b";"Österreich";"88.15";"2017-12-01";"1512086400000"
"Blochholz Kiefer Kl. B 2a +";"Österreich";"64.42";"2017-12-01";"1512086400000"
"Blochholz Buche Kl. B 3";"Österreich";"79.19";"2017-12-01";"1512086400000"
"Blochholz Fichte/Tanne Kl. B Media 2b";"Österreich";"90.58";"2018-01-01";"1514764800000"
"Blochholz Buche Kl. B 3";"Österreich";"82.2";"2018-01-01";"1514764800000"
"Blochholz Fichte/Tanne Kl. B 3a";"Österreich";"90.81";"2018-01-01";"1514764800000"
"Blochholz Kiefer Kl. B 2a +";"Österreich";"66.78";"2018-01-01";"1514764800000"
"Blochholz Fichte/Tanne Kl. B 3a";"Österreich";"91.22";"2018-02-01";"1517443200000"
"Blochholz Fichte/Tanne Kl. B Media 2b";"Österreich";"91.03";"2018-02-01";"1517443200000"
"Blochholz Kiefer Kl. B 2a +";"Österreich";"66.71";"2018-02-01";"1517443200000"
"Blochholz Buche Kl. B 3";"Österreich";"82.2";"2018-02-01";"1517443200000"
"Blochholz Buche Kl. B 3";"Österreich";"81.93";"2018-03-01";"1519862400000"
"Blochholz Fichte/Tanne Kl. B Media 2b";"Österreich";"91.05";"2018-03-01";"1519862400000"
"Blochholz Fichte/Tanne Kl. B 3a";"Österreich";"90.16";"2018-03-01";"1519862400000"
"Blochholz Kiefer Kl. B 2a +";"Österreich";"67.21";"2018-03-01";"1519862400000"
"Blochholz Kiefer Kl. B 2a +";"Österreich";"63.68";"2018-04-01";"1522540800000"
"Blochholz Buche Kl. B 3";"Österreich";"81.71";"2018-04-01";"1522540800000"
"Blochholz Fichte/Tanne Kl. B 3a";"Österreich";"89.79";"2018-04-01";"1522540800000"
"Blochholz Fichte/Tanne Kl. B Media 2b";"Österreich";"90.39";"2018-04-01";"1522540800000"
"Blochholz Fichte/Tanne Kl. B Media 2b";"Österreich";"89.93";"2018-05-01";"1525132800000"
"Blochholz Fichte/Tanne Kl. B 3a";"Österreich";"89.12";"2018-05-01";"1525132800000"
"Blochholz Kiefer Kl. B 2a +";"Österreich";"64.02";"2018-05-01";"1525132800000"
"Blochholz Buche Kl. B 3";"Österreich";"81.93";"2018-05-01";"1525132800000"
"Blochholz Fichte/Tanne Kl. B Media 2b";"Österreich";"88.97";"2018-06-01";"1527811200000"
"Blochholz Fichte/Tanne Kl. B 3a";"Österreich";"87.66";"2018-06-01";"1527811200000"
"Blochholz Buche Kl. B 3";"Österreich";"81.93";"2018-06-01";"1527811200000"
"Blochholz Kiefer Kl. B 2a +";"Österreich";"62.14";"2018-06-01";"1527811200000"
"Blochholz Fichte/Tanne Kl. B Media 2b";"Österreich";"87.61";"2018-07-01";"1530403200000"
"Blochholz Buche Kl. B 3";"Österreich";"81.93";"2018-07-01";"1530403200000"
"Blochholz Kiefer Kl. B 2a +";"Österreich";"61.96";"2018-07-01";"1530403200000"
"Blochholz Fichte/Tanne Kl. B 3a";"Österreich";"85.68";"2018-07-01";"1530403200000"
"Blochholz Kiefer Kl. B 2a +";"Österreich";"60.92";"2018-08-01";"1533081600000"
"Blochholz Fichte/Tanne Kl. B 3a";"Österreich";"85.05";"2018-08-01";"1533081600000"
"Blochholz Fichte/Tanne Kl. B Media 2b";"Österreich";"87.06";"2018-08-01";"1533081600000"
"Blochholz Buche Kl. B 3";"Österreich";"81.93";"2018-08-01";"1533081600000"
"Blochholz Fichte/Tanne Kl. B Media 2b";"Österreich";"86.53";"2018-09-01";"1535760000000"
"Blochholz Buche Kl. B 3";"Österreich";"82.2";"2018-09-01";"1535760000000"
"Blochholz Fichte/Tanne Kl. B 3a";"Österreich";"84.53";"2018-09-01";"1535760000000"
"Blochholz Kiefer Kl. B 2a +";"Österreich";"61";"2018-09-01";"1535760000000"
"Blochholz Fichte/Tanne Kl. B 3a";"Österreich";"85.22";"2018-10-01";"1538352000000"
"Blochholz Buche Kl. B 3";"Österreich";"82.2";"2018-10-01";"1538352000000"
"Blochholz Fichte/Tanne Kl. B Media 2b";"Österreich";"87.31";"2018-10-01";"1538352000000"
"Blochholz Kiefer Kl. B 2a +";"Österreich";"61.13";"2018-10-01";"1538352000000"
"Blochholz Fichte/Tanne Kl. B 3a";"Österreich";"80.22";"2018-11-01";"1541030400000"
"Blochholz Kiefer Kl. B 2a +";"Österreich";"61.24";"2018-11-01";"1541030400000"
"Blochholz Buche Kl. B 3";"Österreich";"82.37";"2018-11-01";"1541030400000"
"Blochholz Fichte/Tanne Kl. B Media 2b";"Österreich";"84.75";"2018-11-01";"1541030400000"
"Blochholz Kiefer Kl. B 2a +";"Österreich";"60.68";"2018-12-01";"1543622400000"
"Blochholz Buche Kl. B 3";"Österreich";"82.37";"2018-12-01";"1543622400000"
"Blochholz Fichte/Tanne Kl. B Media 2b";"Österreich";"82.65";"2018-12-01";"1543622400000"
"Blochholz Fichte/Tanne Kl. B 3a";"Österreich";"80.94";"2018-12-01";"1543622400000"
"Blochholz Kiefer Kl. B 2a +";"Österreich";"60.44";"2019-01-01";"1546300800000"
"Blochholz Fichte/Tanne Kl. B 3a";"Österreich";"79.81";"2019-01-01";"1546300800000"
"Blochholz Fichte/Tanne Kl. B Media 2b";"Österreich";"81.47";"2019-01-01";"1546300800000"
"Blochholz Buche Kl. B 3";"Österreich";"82.18";"2019-01-01";"1546300800000"
"Blochholz Kiefer Kl. B 2a +";"Österreich";"60.37";"2019-02-01";"1548979200000"
"Blochholz Fichte/Tanne Kl. B 3a";"Österreich";"79.26";"2019-02-01";"1548979200000"
"Blochholz Fichte/Tanne Kl. B Media 2b";"Österreich";"81.08";"2019-02-01";"1548979200000"
"Blochholz Buche Kl. B 3";"Österreich";"82.18";"2019-02-01";"1548979200000"
"Blochholz Buche Kl. B 3";"Österreich";"81.9";"2019-03-01";"1551398400000"
"Blochholz Fichte/Tanne Kl. B 3a";"Österreich";"77.77";"2019-03-01";"1551398400000"
"Blochholz Fichte/Tanne Kl. B Media 2b";"Österreich";"79.89";"2019-03-01";"1551398400000"
"Blochholz Kiefer Kl. B 2a +";"Österreich";"57.74";"2019-03-01";"1551398400000"
"Blochholz Buche Kl. B 3";"Österreich";"81.9";"2019-04-01";"1554076800000"
"Blochholz Fichte/Tanne Kl. B 3a";"Österreich";"76.1";"2019-04-01";"1554076800000"
"Blochholz Kiefer Kl. B 2a +";"Österreich";"56.89";"2019-04-01";"1554076800000"
"Blochholz Fichte/Tanne Kl. B Media 2b";"Österreich";"77.92";"2019-04-01";"1554076800000"
"Blochholz Fichte/Tanne Kl. B 3a";"Österreich";"74.41";"2019-05-01";"1556668800000"
"Blochholz Buche Kl. B 3";"Österreich";"81.9";"2019-05-01";"1556668800000"
"Blochholz Kiefer Kl. B 2a +";"Österreich";"56.17";"2019-05-01";"1556668800000"
"Blochholz Fichte/Tanne Kl. B Media 2b";"Österreich";"76.66";"2019-05-01";"1556668800000"
"Blochholz Fichte/Tanne Kl. B Media 2b";"Österreich";"75.31";"2019-06-01";"1559347200000"
"Blochholz Buche Kl. B 3";"Österreich";"81.9";"2019-06-01";"1559347200000"
"Blochholz Fichte/Tanne Kl. B 3a";"Österreich";"73.48";"2019-06-01";"1559347200000"
"Blochholz Kiefer Kl. B 2a +";"Österreich";"53.69";"2019-06-01";"1559347200000"
"Blochholz Fichte/Tanne Kl. B 3a";"Österreich";"72.65";"2019-07-01";"1561939200000"
"Blochholz Fichte/Tanne Kl. B Media 2b";"Österreich";"74.81";"2019-07-01";"1561939200000"
"Blochholz Kiefer Kl. B 2a +";"Österreich";"51.88";"2019-07-01";"1561939200000"
"Blochholz Buche Kl. B 3";"Österreich";"81.9";"2019-07-01";"1561939200000"
"Blochholz Buche Kl. B 3";"Österreich";"81.9";"2019-08-01";"1564617600000"
"Blochholz Fichte/Tanne Kl. B Media 2b";"Österreich";"74.4";"2019-08-01";"1564617600000"
"Blochholz Kiefer Kl. B 2a +";"Österreich";"51.69";"2019-08-01";"1564617600000"
"Blochholz Fichte/Tanne Kl. B 3a";"Österreich";"71.45";"2019-08-01";"1564617600000"
"Blochholz Fichte/Tanne Kl. B 3a";"Österreich";"71.77";"2019-09-01";"1567296000000"
"Blochholz Fichte/Tanne Kl. B Media 2b";"Österreich";"74.7";"2019-09-01";"1567296000000"
"Blochholz Buche Kl. B 3";"Österreich";"81.9";"2019-09-01";"1567296000000"
"Blochholz Kiefer Kl. B 2a +";"Österreich";"52.35";"2019-09-01";"1567296000000"
"Blochholz Buche Kl. B 3";"Österreich";"82.36";"2019-10-01";"1569888000000"
"Blochholz Fichte/Tanne Kl. B 3a";"Österreich";"72.45";"2019-10-01";"1569888000000"
"Blochholz Fichte/Tanne Kl. B Media 2b";"Österreich";"75.06";"2019-10-01";"1569888000000"
"Blochholz Kiefer Kl. B 2a +";"Österreich";"51.5";"2019-10-01";"1569888000000"
"Blochholz Kiefer Kl. B 2a +";"Österreich";"51.57";"2019-11-01";"1572566400000"
"Blochholz Fichte/Tanne Kl. B Media 2b";"Österreich";"74.74";"2019-11-01";"1572566400000"
"Blochholz Buche Kl. B 3";"Österreich";"82.36";"2019-11-01";"1572566400000"
"Blochholz Fichte/Tanne Kl. B 3a";"Österreich";"71.46";"2019-11-01";"1572566400000"
"Blochholz Fichte/Tanne Kl. B Media 2b";"Österreich";"76.27";"2019-12-01";"1575158400000"
"Blochholz Fichte/Tanne Kl. B 3a";"Österreich";"73.61";"2019-12-01";"1575158400000"
"Blochholz Kiefer Kl. B 2a +";"Österreich";"51.94";"2019-12-01";"1575158400000"
"Blochholz Buche Kl. B 3";"Österreich";"82.36";"2019-12-01";"1575158400000"
"Blochholz Kiefer Kl. B 2a +";"Österreich";"52.59";"2020-01-01";"1577836800000"
"Blochholz Fichte/Tanne Kl. B Media 2b";"Österreich";"79.09";"2020-01-01";"1577836800000"
"Blochholz Buche Kl. B 3";"Österreich";"82.26";"2020-01-01";"1577836800000"
"Blochholz Fichte/Tanne Kl. B 3a";"Österreich";"77.27";"2020-01-01";"1577836800000"
"Blochholz Fichte/Tanne Kl. B 3a";"Österreich";"76.69";"2020-02-01";"1580515200000"
"Blochholz Buche Kl. B 3";"Österreich";"82.26";"2020-02-01";"1580515200000"
"Blochholz Fichte/Tanne Kl. B Media 2b";"Österreich";"79.31";"2020-02-01";"1580515200000"
"Blochholz Kiefer Kl. B 2a +";"Österreich";"52.65";"2020-02-01";"1580515200000"
"Blochholz Fichte/Tanne Kl. B Media 2b";"Österreich";"75.32";"2020-03-01";"1583020800000"
"Blochholz Kiefer Kl. B 2a +";"Österreich";"52.52";"2020-03-01";"1583020800000"
"Blochholz Fichte/Tanne Kl. B 3a";"Österreich";"70.73";"2020-03-01";"1583020800000"
"Blochholz Buche Kl. B 3";"Österreich";"81.33";"2020-03-01";"1583020800000"
"Blochholz Fichte/Tanne Kl. B Media 2b";"Österreich";"70.38";"2020-04-01";"1585699200000"
"Blochholz Fichte/Tanne Kl. B 3a";"Österreich";"66.69";"2020-04-01";"1585699200000"
"Blochholz Buche Kl. B 3";"Österreich";"81.33";"2020-04-01";"1585699200000"
"Blochholz Kiefer Kl. B 2a +";"Österreich";"49.72";"2020-04-01";"1585699200000"
"Blochholz Kiefer Kl. B 2a +";"Österreich";"47.54";"2020-05-01";"1588291200000"
"Blochholz Fichte/Tanne Kl. B Media 2b";"Österreich";"68.31";"2020-05-01";"1588291200000"
"Blochholz Fichte/Tanne Kl. B 3a";"Österreich";"64.25";"2020-05-01";"1588291200000"
"Blochholz Buche Kl. B 3";"Österreich";"80.86";"2020-05-01";"1588291200000"
"Blochholz Fichte/Tanne Kl. B 3a";"Österreich";"64.03";"2020-06-01";"1590969600000"
"Blochholz Kiefer Kl. B 2a +";"Österreich";"47.41";"2020-06-01";"1590969600000"
"Blochholz Fichte/Tanne Kl. B Media 2b";"Österreich";"67.89";"2020-06-01";"1590969600000"
"Blochholz Buche Kl. B 3";"Österreich";"80.86";"2020-06-01";"1590969600000"
"Blochholz Buche Kl. B 3";"Österreich";"80.86";"2020-07-01";"1593561600000"
"Blochholz Fichte/Tanne Kl. B 3a";"Österreich";"62.8";"2020-07-01";"1593561600000"
"Blochholz Fichte/Tanne Kl. B Media 2b";"Österreich";"67.16";"2020-07-01";"1593561600000"
"Blochholz Kiefer Kl. B 2a +";"Österreich";"47.34";"2020-07-01";"1593561600000"
"Blochholz Buche Kl. B 3";"Österreich";"80.86";"2020-08-01";"1596240000000"
"Blochholz Fichte/Tanne Kl. B 3a";"Österreich";"61.86";"2020-08-01";"1596240000000"
"Blochholz Fichte/Tanne Kl. B Media 2b";"Österreich";"66.73";"2020-08-01";"1596240000000"
"Blochholz Kiefer Kl. B 2a +";"Österreich";"46.89";"2020-08-01";"1596240000000"
"Blochholz Kiefer Kl. B 2a +";"Österreich";"45.84";"2020-09-01";"1598918400000"
"Blochholz Fichte/Tanne Kl. B Media 2b";"Österreich";"67.48";"2020-09-01";"1598918400000"
"Blochholz Buche Kl. B 3";"Österreich";"81.79";"2020-09-01";"1598918400000"
"Blochholz Fichte/Tanne Kl. B 3a";"Österreich";"63.57";"2020-09-01";"1598918400000"
"Blochholz Kiefer Kl. B 2a +";"Österreich";"55.37";"2020-10-01";"1601510400000"
"Blochholz Buche Kl. B 3";"Österreich";"81.79";"2020-10-01";"1601510400000"
"Blochholz Fichte/Tanne Kl. B 3a";"Österreich";"73.6";"2020-10-01";"1601510400000"
"Blochholz Fichte/Tanne Kl. B Media 2b";"Österreich";"75.27";"2020-10-01";"1601510400000"
"Blochholz Fichte/Tanne Kl. B 3a";"Österreich";"76.24";"2020-11-01";"1604188800000"
"Blochholz Fichte/Tanne Kl. B Media 2b";"Österreich";"77.2";"2020-11-01";"1604188800000"
"Blochholz Kiefer Kl. B 2a +";"Österreich";"55.54";"2020-11-01";"1604188800000"
"Blochholz Buche Kl. B 3";"Österreich";"82.26";"2020-11-01";"1604188800000"
"Blochholz Fichte/Tanne Kl. B Media 2b";"Österreich";"77.96";"2020-12-01";"1606780800000"
"Blochholz Fichte/Tanne Kl. B 3a";"Österreich";"76.34";"2020-12-01";"1606780800000"
"Blochholz Buche Kl. B 3";"Österreich";"82.26";"2020-12-01";"1606780800000"
"Blochholz Kiefer Kl. B 2a +";"Österreich";"55.6";"2020-12-01";"1606780800000"
"Blochholz Kiefer Kl. B 2a +";"Österreich";"56.06";"2021-01-01";"1609459200000"
"Blochholz Buche Kl. B 3";"Österreich";"82.26";"2021-01-01";"1609459200000"
"Blochholz Fichte/Tanne Kl. B 3a";"Österreich";"80.77";"2021-01-01";"1609459200000"
"Blochholz Fichte/Tanne Kl. B Media 2b";"Österreich";"81.81";"2021-01-01";"1609459200000"
"Blochholz Buche Kl. B 3";"Österreich";"82.26";"2021-02-01";"1612137600000"
"Blochholz Kiefer Kl. B 2a +";"Österreich";"56.25";"2021-02-01";"1612137600000"
"Blochholz Fichte/Tanne Kl. B 3a";"Österreich";"82.17";"2021-02-01";"1612137600000"
"Blochholz Fichte/Tanne Kl. B Media 2b";"Österreich";"84.12";"2021-02-01";"1612137600000"
"Blochholz Fichte/Tanne Kl. B Media 2b";"Österreich";"88.22";"2021-03-01";"1614556800000"
"Blochholz Kiefer Kl. B 2a +";"Österreich";"57.42";"2021-03-01";"1614556800000"
"Blochholz Buche Kl. B 3";"Österreich";"81.79";"2021-03-01";"1614556800000"
"Blochholz Fichte/Tanne Kl. B 3a";"Österreich";"85.7";"2021-03-01";"1614556800000"
"Blochholz Buche Kl. B 3";"Österreich";"81.79";"2021-04-01";"1617235200000"
"Blochholz Kiefer Kl. B 2a +";"Österreich";"61.23";"2021-04-01";"1617235200000"
"Blochholz Fichte/Tanne Kl. B 3a";"Österreich";"92.72";"2021-04-01";"1617235200000"
"Blochholz Fichte/Tanne Kl. B Media 2b";"Österreich";"93.78";"2021-04-01";"1617235200000"
"Blochholz Fichte/Tanne Kl. B Media 2b";"Österreich";"97.58";"2021-05-01";"1619827200000"
"Blochholz Buche Kl. B 3";"Österreich";"81.79";"2021-05-01";"1619827200000"
"Blochholz Kiefer Kl. B 2a +";"Österreich";"61.31";"2021-05-01";"1619827200000"
"Blochholz Fichte/Tanne Kl. B 3a";"Österreich";"96.5";"2021-05-01";"1619827200000"
"Blochholz Buche Kl. B 3";"Österreich";"81.79";"2021-06-01";"1622505600000"
"Blochholz Fichte/Tanne Kl. B 3a";"Österreich";"103.08";"2021-06-01";"1622505600000"
"Blochholz Kiefer Kl. B 2a +";"Österreich";"63.23";"2021-06-01";"1622505600000"
"Blochholz Fichte/Tanne Kl. B Media 2b";"Österreich";"102.92";"2021-06-01";"1622505600000"
"Blochholz Buche Kl. B 3";"Österreich";"81.79";"2021-07-01";"1625097600000"
"Blochholz Kiefer Kl. B 2a +";"Österreich";"70.6";"2021-07-01";"1625097600000"
"Blochholz Fichte/Tanne Kl. B Media 2b";"Österreich";"110.46";"2021-07-01";"1625097600000"
"Blochholz Fichte/Tanne Kl. B 3a";"Österreich";"109.5";"2021-07-01";"1625097600000"
"Blochholz Buche Kl. B 3";"Österreich";"81.79";"2021-08-01";"1627776000000"
"Blochholz Fichte/Tanne Kl. B 3a";"Österreich";"112.03";"2021-08-01";"1627776000000"
"Blochholz Fichte/Tanne Kl. B Media 2b";"Österreich";"113.3";"2021-08-01";"1627776000000"
"Blochholz Kiefer Kl. B 2a +";"Österreich";"73.93";"2021-08-01";"1627776000000"
"Blochholz Fichte/Tanne Kl. B 3a";"Österreich";"111.59";"2021-09-01";"1630454400000"
"Blochholz Buche Kl. B 3";"Österreich";"82.25";"2021-09-01";"1630454400000"
"Blochholz Fichte/Tanne Kl. B Media 2b";"Österreich";"113.03";"2021-09-01";"1630454400000"
"Blochholz Kiefer Kl. B 2a +";"Österreich";"73.95";"2021-09-01";"1630454400000"
"Blochholz Fichte/Tanne Kl. B Media 2b";"Österreich";"109.46";"2021-10-01";"1633046400000"
"Blochholz Buche Kl. B 3";"Österreich";"82.25";"2021-10-01";"1633046400000"
"Blochholz Kiefer Kl. B 2a +";"Österreich";"74.01";"2021-10-01";"1633046400000"
"Blochholz Fichte/Tanne Kl. B 3a";"Österreich";"107.68";"2021-10-01";"1633046400000"
"Blochholz Buche Kl. B 3";"Österreich";"82.25";"2021-11-01";"1635724800000"
"Blochholz Fichte/Tanne Kl. B 3a";"Österreich";"105.49";"2021-11-01";"1635724800000"
"Blochholz Fichte/Tanne Kl. B Media 2b";"Österreich";"105.85";"2021-11-01";"1635724800000"
"Blochholz Kiefer Kl. B 2a +";"Österreich";"73.51";"2021-11-01";"1635724800000"
"Blochholz Kiefer Kl. B 2a +";"Österreich";"73.67";"2021-12-01";"1638316800000"
"Blochholz Buche Kl. B 3";"Österreich";"82.25";"2021-12-01";"1638316800000"
"Blochholz Fichte/Tanne Kl. B Media 2b";"Österreich";"105.44";"2021-12-01";"1638316800000"
"Blochholz Fichte/Tanne Kl. B 3a";"Österreich";"105.43";"2021-12-01";"1638316800000"
"Blochholz Fichte/Tanne Kl. B Media 2b";"Österreich";"106.07";"2022-01-01";"1640995200000"
"Blochholz Kiefer Kl. B 2a +";"Österreich";"74.98";"2022-01-01";"1640995200000"
"Blochholz Fichte/Tanne Kl. B 3a";"Österreich";"105.14";"2022-01-01";"1640995200000"
"Blochholz Buche Kl. B 3";"Österreich";"82.06";"2022-01-01";"1640995200000"
"Blochholz Fichte/Tanne Kl. B Media 2b";"Österreich";"107.27";"2022-02-01";"1643673600000"
"Blochholz Buche Kl. B 3";"Österreich";"82.06";"2022-02-01";"1643673600000"
"Blochholz Kiefer Kl. B 2a +";"Österreich";"74.98";"2022-02-01";"1643673600000"
"Blochholz Fichte/Tanne Kl. B 3a";"Österreich";"106.86";"2022-02-01";"1643673600000"
"Blochholz Fichte/Tanne Kl. B Media 2b";"Österreich";"114.69";"2022-03-01";"1646092800000"
"Blochholz Fichte/Tanne Kl. B 3a";"Österreich";"116.01";"2022-03-01";"1646092800000"
"Blochholz Buche Kl. B 3";"Österreich";"82.06";"2022-03-01";"1646092800000"
"Blochholz Kiefer Kl. B 2a +";"Österreich";"77.06";"2022-03-01";"1646092800000"
"Blochholz Fichte/Tanne Kl. B 3a";"Österreich";"118.65";"2022-04-01";"1648771200000"
"Blochholz Kiefer Kl. B 2a +";"Österreich";"77.7";"2022-04-01";"1648771200000"
"Blochholz Fichte/Tanne Kl. B Media 2b";"Österreich";"119.53";"2022-04-01";"1648771200000"
"Blochholz Buche Kl. B 3";"Österreich";"82.06";"2022-04-01";"1648771200000"
"Blochholz Kiefer Kl. B 2a +";"Österreich";"78.02";"2022-05-01";"1651363200000"
"Blochholz Fichte/Tanne Kl. B Media 2b";"Österreich";"124.73";"2022-05-01";"1651363200000"
"Blochholz Fichte/Tanne Kl. B 3a";"Österreich";"124.96";"2022-05-01";"1651363200000"
"Blochholz Buche Kl. B 3";"Österreich";"81.88";"2022-05-01";"1651363200000"
"Blochholz Buche Kl. B 3";"Österreich";"81.88";"2022-06-01";"1654041600000"
"Blochholz Kiefer Kl. B 2a +";"Österreich";"78.03";"2022-06-01";"1654041600000"
"Blochholz Fichte/Tanne Kl. B Media 2b";"Österreich";"124.74";"2022-06-01";"1654041600000"
"Blochholz Fichte/Tanne Kl. B 3a";"Österreich";"123.49";"2022-06-01";"1654041600000"
"Blochholz Fichte/Tanne Kl. B Media 2b";"Österreich";"116.63";"2022-07-01";"1656633600000"
"Blochholz Fichte/Tanne Kl. B 3a";"Österreich";"115.67";"2022-07-01";"1656633600000"
"Blochholz Kiefer Kl. B 2a +";"Österreich";"77.33";"2022-07-01";"1656633600000"
"Blochholz Buche Kl. B 3";"Österreich";"81.88";"2022-07-01";"1656633600000"
"Blochholz Fichte/Tanne Kl. B 3a";"Österreich";"110.8";"2022-08-01";"1659312000000"
"Blochholz Buche Kl. B 3";"Österreich";"81.88";"2022-08-01";"1659312000000"
"Blochholz Kiefer Kl. B 2a +";"Österreich";"77.04";"2022-08-01";"1659312000000"
"Blochholz Fichte/Tanne Kl. B Media 2b";"Österreich";"112.55";"2022-08-01";"1659312000000"
"Blochholz Buche Kl. B 3";"Österreich";"82.06";"2022-09-01";"1661990400000"
"Blochholz Fichte/Tanne Kl. B Media 2b";"Österreich";"107.27";"2022-09-01";"1661990400000"
"Blochholz Kiefer Kl. B 2a +";"Österreich";"74.67";"2022-09-01";"1661990400000"
"Blochholz Fichte/Tanne Kl. B 3a";"Österreich";"107.38";"2022-09-01";"1661990400000"
"Blochholz Buche Kl. B 3";"Österreich";"82.06";"2022-10-01";"1664582400000"
"Blochholz Kiefer Kl. B 2a +";"Österreich";"74.35";"2022-10-01";"1664582400000"
"Blochholz Fichte/Tanne Kl. B Media 2b";"Österreich";"106.67";"2022-10-01";"1664582400000"
"Blochholz Fichte/Tanne Kl. B 3a";"Österreich";"107.6";"2022-10-01";"1664582400000"
"Blochholz Kiefer Kl. B 2a +";"Österreich";"74.64";"2022-11-01";"1667260800000"
"Blochholz Buche Kl. B 3";"Österreich";"83.88";"2022-11-01";"1667260800000"
"Blochholz Fichte/Tanne Kl. B 3a";"Österreich";"106.42";"2022-11-01";"1667260800000"
"Blochholz Fichte/Tanne Kl. B Media 2b";"Österreich";"105.98";"2022-11-01";"1667260800000"
"Blochholz Fichte/Tanne Kl. B 3a";"Österreich";"107.733181";"2022-12-01";"1669852800000"
"Blochholz Kiefer Kl. B 2a +";"Österreich";"75.525448";"2022-12-01";"1669852800000"
"Blochholz Buche Kl. B 3";"Österreich";"89.28522";"2022-12-01";"1669852800000"
"Blochholz Fichte/Tanne Kl. B Media 2b";"Österreich";"106.880118";"2022-12-01";"1669852800000"
"Blochholz Fichte/Tanne Kl. B Media 2b";"Österreich";"114.34";"2023-01-01";"1672531200000"
"Blochholz Buche Kl. B 3";"Österreich";"91.26";"2023-01-01";"1672531200000"
"Blochholz Kiefer Kl. B 2a +";"Österreich";"85.6";"2023-01-01";"1672531200000"
"Blochholz Fichte/Tanne Kl. B 3a";"Österreich";"116.17";"2023-01-01";"1672531200000"
"Blochholz Buche Kl. B 3";"Österreich";"89.54";"2023-02-01";"1675209600000"
"Blochholz Kiefer Kl. B 2a +";"Österreich";"85.05";"2023-02-01";"1675209600000"
"Blochholz Fichte/Tanne Kl. B 3a";"Österreich";"117.04";"2023-02-01";"1675209600000"
"Blochholz Fichte/Tanne Kl. B Media 2b";"Österreich";"117.63";"2023-02-01";"1675209600000"
"Blochholz Kiefer Kl. B 2a +";"Österreich";"84.78";"2023-03-01";"1677628800000"
"Blochholz Fichte/Tanne Kl. B 3a";"Österreich";"117.99";"2023-03-01";"1677628800000"
"Blochholz Buche Kl. B 3";"Österreich";"91.26";"2023-03-01";"1677628800000"
"Blochholz Fichte/Tanne Kl. B Media 2b";"Österreich";"117.62";"2023-03-01";"1677628800000"
"Blochholz Kiefer Kl. B 2a +";"Österreich";"82.51";"2023-04-01";"1680307200000"
"Blochholz Buche Kl. B 3";"Österreich";"91.26";"2023-04-01";"1680307200000"
"Blochholz Fichte/Tanne Kl. B 3a";"Österreich";"117.56";"2023-04-01";"1680307200000"
"Blochholz Fichte/Tanne Kl. B Media 2b";"Österreich";"116.7";"2023-04-01";"1680307200000"
"Blochholz Fichte/Tanne Kl. B Media 2b";"Österreich";"110.19";"2023-05-01";"1682899200000"
"Blochholz Kiefer Kl. B 2a +";"Österreich";"81.46";"2023-05-01";"1682899200000"
"Blochholz Fichte/Tanne Kl. B 3a";"Österreich";"112.31";"2023-05-01";"1682899200000"
"Blochholz Buche Kl. B 3";"Österreich";"90.31";"2023-05-01";"1682899200000"
"Blochholz Kiefer Kl. B 2a +";"Österreich";"78.93";"2023-06-01";"1685577600000"
"Blochholz Buche Kl. B 3";"Österreich";"87.55";"2023-06-01";"1685577600000"
"Blochholz Fichte/Tanne Kl. B 3a";"Österreich";"107.2";"2023-06-01";"1685577600000"
"Blochholz Fichte/Tanne Kl. B Media 2b";"Österreich";"103.4";"2023-06-01";"1685577600000"
"Blochholz Fichte/Tanne Kl. B Media 2b";"Österreich";"92.33";"2023-07-01";"1688169600000"
"Blochholz Fichte/Tanne Kl. B 3a";"Österreich";"92.21";"2023-07-01";"1688169600000"
"Blochholz Kiefer Kl. B 2a +";"Österreich";"69";"2023-07-01";"1688169600000"
"Blochholz Buche Kl. B 3";"Österreich";"86.13";"2023-07-01";"1688169600000"
"Blochholz Fichte/Tanne Kl. B 3a";"Österreich";"90.39";"2023-08-01";"1690848000000"
"Blochholz Buche Kl. B 3";"Österreich";"86.13";"2023-08-01";"1690848000000"
"Blochholz Kiefer Kl. B 2a +";"Österreich";"64.76";"2023-08-01";"1690848000000"
"Blochholz Fichte/Tanne Kl. B Media 2b";"Österreich";"89.18";"2023-08-01";"1690848000000"
"Blochholz Buche Kl. B 3";"Österreich";"87.55";"2023-09-01";"1693526400000"
"Blochholz Fichte/Tanne Kl. B Media 2b";"Österreich";"90.43";"2023-09-01";"1693526400000"
"Blochholz Kiefer Kl. B 2a +";"Österreich";"65.41";"2023-09-01";"1693526400000"
"Blochholz Fichte/Tanne Kl. B 3a";"Österreich";"91.97";"2023-09-01";"1693526400000"
"Blochholz Fichte/Tanne Kl. B Media 2b";"Österreich";"91.41";"2023-10-01";"1696118400000"
"Blochholz Fichte/Tanne Kl. B 3a";"Österreich";"92.26";"2023-10-01";"1696118400000"
"Blochholz Buche Kl. B 3";"Österreich";"87.55";"2023-10-01";"1696118400000"
"Blochholz Kiefer Kl. B 2a +";"Österreich";"65.88";"2023-10-01";"1696118400000"
"Blochholz Fichte/Tanne Kl. B Media 2b";"Österreich";"93.354689";"2023-11-01";"1698796800000"
"Blochholz Kiefer Kl. B 2a +";"Österreich";"66.151392";"2023-11-01";"1698796800000"
"Blochholz Fichte/Tanne Kl. B 3a";"Österreich";"92.387663";"2023-11-01";"1698796800000"
"Blochholz Buche Kl. B 3";"Österreich";"87.550767";"2023-11-01";"1698796800000"
"Blochholz Fichte/Tanne Kl. B Media 2b";"Österreich";"94.973654";"2023-12-01";"1701388800000"
"Blochholz Kiefer Kl. B 2a +";"Österreich";"67.699242";"2023-12-01";"1701388800000"
"Blochholz Buche Kl. B 3";"Österreich";"87.550767";"2023-12-01";"1701388800000"
"Blochholz Fichte/Tanne Kl. B 3a";"Österreich";"93.401426";"2023-12-01";"1701388800000"
"Blochholz Buche Kl. B 3";"Österreich";"87.59";"2024-01-01";"1704067200000"
"Blochholz Kiefer Kl. B 2a +";"Österreich";"72.37";"2024-01-01";"1704067200000"
"Blochholz Fichte/Tanne Kl. B 3a";"Österreich";"101.62";"2024-01-01";"1704067200000"
"Blochholz Fichte/Tanne Kl. B Media 2b";"Österreich";"102.86";"2024-01-01";"1704067200000"
"Blochholz Fichte/Tanne Kl. B Media 2b";"Österreich";"104.37";"2024-02-01";"1706745600000"
"Blochholz Fichte/Tanne Kl. B 3a";"Österreich";"104.19";"2024-02-01";"1706745600000"
"Blochholz Buche Kl. B 3";"Österreich";"87.59";"2024-02-01";"1706745600000"
"Blochholz Kiefer Kl. B 2a +";"Österreich";"72.63";"2024-02-01";"1706745600000"
"Blochholz Kiefer Kl. B 2a +";"Österreich";"72.76";"2024-03-01";"1709251200000"
"Blochholz Fichte/Tanne Kl. B Media 2b";"Österreich";"104.27";"2024-03-01";"1709251200000"
"Blochholz Fichte/Tanne Kl. B 3a";"Österreich";"104.08";"2024-03-01";"1709251200000"
"Blochholz Buche Kl. B 3";"Österreich";"86.62";"2024-03-01";"1709251200000"
"Blochholz Buche Kl. B 3";"Österreich";"86.62";"2024-04-01";"1711929600000"
"Blochholz Kiefer Kl. B 2a +";"Österreich";"72.47";"2024-04-01";"1711929600000"
"Blochholz Fichte/Tanne Kl. B Media 2b";"Österreich";"101.32";"2024-04-01";"1711929600000"
"Blochholz Fichte/Tanne Kl. B 3a";"Österreich";"102.09";"2024-04-01";"1711929600000"
"Blochholz Kiefer Kl. B 2a +";"Österreich";"69.84";"2024-05-01";"1714521600000"
"Blochholz Fichte/Tanne Kl. B 3a";"Österreich";"100.37";"2024-05-01";"1714521600000"
"Blochholz Fichte/Tanne Kl. B Media 2b";"Österreich";"100.14";"2024-05-01";"1714521600000"
"Blochholz Buche Kl. B 3";"Österreich";"86.62";"2024-05-01";"1714521600000"
"Blochholz Kiefer Kl. B 2a +";"Österreich";"69.82";"2024-06-01";"1717200000000"
"Blochholz Buche Kl. B 3";"Österreich";"86.62";"2024-06-01";"1717200000000"
"Blochholz Fichte/Tanne Kl. B 3a";"Österreich";"98.66";"2024-06-01";"1717200000000"
"Blochholz Fichte/Tanne Kl. B Media 2b";"Österreich";"99.21";"2024-06-01";"1717200000000"
"Blochholz Buche Kl. B 3";"Österreich";"86.62";"2024-07-01";"1719792000000"
"Blochholz Fichte/Tanne Kl. B 3a";"Österreich";"98.5";"2024-07-01";"1719792000000"
"Blochholz Fichte/Tanne Kl. B Media 2b";"Österreich";"98.92";"2024-07-01";"1719792000000"
"Blochholz Kiefer Kl. B 2a +";"Österreich";"67.44";"2024-07-01";"1719792000000"
"Blochholz Buche Kl. B 3";"Österreich";"86.62";"2024-08-01";"1722470400000"
"Blochholz Fichte/Tanne Kl. B 3a";"Österreich";"100.16";"2024-08-01";"1722470400000"
"Blochholz Kiefer Kl. B 2a +";"Österreich";"68.15";"2024-08-01";"1722470400000"
"Blochholz Fichte/Tanne Kl. B Media 2b";"Österreich";"99.71";"2024-08-01";"1722470400000"
"Blochholz Fichte/Tanne Kl. B Media 2b";"Österreich";"99.68";"2024-09-01";"1725148800000"
"Blochholz Buche Kl. B 3";"Österreich";"86.62";"2024-09-01";"1725148800000"
"Blochholz Kiefer Kl. B 2a +";"Österreich";"68.71";"2024-09-01";"1725148800000"
"Blochholz Fichte/Tanne Kl. B 3a";"Österreich";"100.29";"2024-09-01";"1725148800000"
"Blochholz Buche Kl. B 3";"Österreich";"86.62";"2024-10-01";"1727740800000"
"Blochholz Fichte/Tanne Kl. B 3a";"Österreich";"104.7";"2024-10-01";"1727740800000"
"Blochholz Kiefer Kl. B 2a +";"Österreich";"69.47";"2024-10-01";"1727740800000"
"Blochholz Fichte/Tanne Kl. B Media 2b";"Österreich";"102.7";"2024-10-01";"1727740800000"
"Blochholz Fichte/Tanne Kl. B 3a";"Österreich";"106.78";"2024-11-01";"1730419200000"
"Blochholz Buche Kl. B 3";"Österreich";"93.66";"2024-11-01";"1730419200000"
"Blochholz Kiefer Kl. B 2a +";"Österreich";"73.93";"2024-11-01";"1730419200000"
"Blochholz Fichte/Tanne Kl. B Media 2b";"Österreich";"104.01";"2024-11-01";"1730419200000"
"Blochholz Kiefer Kl. B 2a +";"Österreich";"75.34";"2024-12-01";"1733011200000"
"Blochholz Buche Kl. B 3";"Österreich";"93.66";"2024-12-01";"1733011200000"
"Blochholz Fichte/Tanne Kl. B 3a";"Österreich";"107.95";"2024-12-01";"1733011200000"
"Blochholz Fichte/Tanne Kl. B Media 2b";"Österreich";"105.75";"2024-12-01";"1733011200000"
"Blochholz Buche Kl. B 3";"Österreich";"93.565583";"2025-01-01";"1735689600000"
"Blochholz Fichte/Tanne Kl. B 3a";"Österreich";"112.302096";"2025-01-01";"1735689600000"
"Blochholz Fichte/Tanne Kl. B Media 2b";"Österreich";"109.15325";"2025-01-01";"1735689600000"
"Blochholz Kiefer Kl. B 2a +";"Österreich";"77.473122";"2025-01-01";"1735689600000"
"Blochholz Fichte/Tanne Kl. B 3a";"Österreich";"113.010026";"2025-02-01";"1738368000000"
"Blochholz Buche Kl. B 3";"Österreich";"93.565583";"2025-02-01";"1738368000000"
"Blochholz Fichte/Tanne Kl. B Media 2b";"Österreich";"109.411885";"2025-02-01";"1738368000000"
"Blochholz Kiefer Kl. B 2a +";"Österreich";"77.473122";"2025-02-01";"1738368000000"
"Blochholz Fichte/Tanne Kl. B 3a";"Österreich";"111.582341";"2025-03-01";"1740787200000"
"Blochholz Fichte/Tanne Kl. B Media 2b";"Österreich";"109.014145";"2025-03-01";"1740787200000"
"Blochholz Buche Kl. B 3";"Österreich";"93.565583";"2025-03-01";"1740787200000"
"Blochholz Kiefer Kl. B 2a +";"Österreich";"75.873342";"2025-03-01";"1740787200000"
"Blochholz Buche Kl. B 3";"Österreich";"93.565583";"2025-04-01";"1743465600000"
"Blochholz Fichte/Tanne Kl. B Media 2b";"Österreich";"110.298626";"2025-04-01";"1743465600000"
"Blochholz Fichte/Tanne Kl. B 3a";"Österreich";"111.543579";"2025-04-01";"1743465600000"
"Blochholz Kiefer Kl. B 2a +";"Österreich";"73.599383";"2025-04-01";"1743465600000"
"Blochholz Fichte/Tanne Kl. B 3a";"Österreich";"111.585354";"2025-05-01";"1746057600000"
"Blochholz Fichte/Tanne Kl. B Media 2b";"Österreich";"110.693493";"2025-05-01";"1746057600000"
"Blochholz Kiefer Kl. B 2a +";"Österreich";"73.599383";"2025-05-01";"1746057600000"
"Blochholz Buche Kl. B 3";"Österreich";"93.565583";"2025-05-01";"1746057600000"
"Blochholz Fichte/Tanne Kl. B 3a";"Österreich";"112.831808";"2025-06-01";"1748736000000"
"Blochholz Kiefer Kl. B 2a +";"Österreich";"73.599383";"2025-06-01";"1748736000000"
"Blochholz Buche Kl. B 3";"Österreich";"93.565583";"2025-06-01";"1748736000000"
"Blochholz Fichte/Tanne Kl. B Media 2b";"Österreich";"111.735361";"2025-06-01";"1748736000000"
"Blochholz Fichte/Tanne Kl. B 3a";"Österreich";"112.807327";"2025-07-01";"1751328000000"
"Blochholz Kiefer Kl. B 2a +";"Österreich";"73.736162";"2025-07-01";"1751328000000"
"Blochholz Buche Kl. B 3";"Österreich";"93.565583";"2025-07-01";"1751328000000"
"Blochholz Fichte/Tanne Kl. B Media 2b";"Österreich";"112.620686";"2025-07-01";"1751328000000"
"Blochholz Kiefer Kl. B 2a +";"Österreich";"74.552025";"2025-08-01";"1754006400000"
"Blochholz Fichte/Tanne Kl. B 3a";"Österreich";"113.910295";"2025-08-01";"1754006400000"
"Blochholz Buche Kl. B 3";"Österreich";"93.565583";"2025-08-01";"1754006400000"
"Blochholz Fichte/Tanne Kl. B Media 2b";"Österreich";"114.608819";"2025-08-01";"1754006400000"
"Blochholz Buche Kl. B 3";"Österreich";"93.565583";"2025-09-01";"1756684800000"
"Blochholz Kiefer Kl. B 2a +";"Österreich";"77.26492";"2025-09-01";"1756684800000"
"Blochholz Fichte/Tanne Kl. B 3a";"Österreich";"118.227377";"2025-09-01";"1756684800000"
"Blochholz Fichte/Tanne Kl. B Media 2b";"Österreich";"118.427112";"2025-09-01";"1756684800000"
